anson@email.com,anson
keyhan@email.com,keyhan
freddy@email.com,freddy
matt@email.com,matt
jane@email.com,jane
richard@email.com,richard